date,underlying
2024-01-01,21888.9
2024-01-02,21756.75
2024-01-03,21600.0
2024-01-04,21785.95
2024-01-05,21793.85
2024-01-08,21579.55
2024-01-09,21616.85
2024-01-10,21709.1
2024-01-11,21678.45
2024-01-12,21947.0
2024-01-15,22133.3
2024-01-16,22029.5
2024-01-17,21589.55
2024-01-18,21527.45
2024-01-19,21672.15
2024-01-23,21194.25
2024-01-24,21477.6
2024-01-25,21488.55
2024-01-29,21855.25
2024-01-30,21630.5
2024-01-31,21808.6
2024-02-01,21751.45
2024-02-02,21951.4
2024-02-05,21803.45
2024-02-06,21979.55
2024-02-07,22003.7
2024-02-08,21814.6
2024-02-09,21842.6
2024-02-12,21697.85
2024-02-13,21823.75
2024-02-14,21916.85
2024-02-15,22005.05
2024-02-16,22097.8
2024-02-19,22171.4
2024-02-20,22217.2
2024-02-21,22070.15
2024-02-22,22243.25
2024-02-23,22228.85
2024-02-26,22141.65
2024-02-27,22203.05
2024-02-28,21921.35
2024-02-29,22160.5
2024-03-01,22443.2
2024-03-04,22497.95
2024-03-05,22433.25
2024-03-06,22593.05
2024-03-07,22552.35
2024-03-11,22421.35
2024-03-12,22447.05
2024-03-13,22103.25
2024-03-14,22264.55
2024-03-15,22133.2
2024-03-18,22135.45
2024-03-19,21886.5
2024-03-20,21910.05
2024-03-21,22102.5
2024-03-22,22165.45
2024-03-26,22088.55
2024-03-27,22167.05
2024-03-28,22488.2
